brand;article;photo_url
NGN;V0022;https://imgs.rossko.ru/D3/12/NSIN0023173469/1.jpg
NGN;V0042;https://imgs.rossko.ru/C0/BC/NSII0009711614/1.jpg
NGN;V0051;https://imgs.rossko.ru/71/22/NSII0024549719/1.jpg
NGN;V0053;https://imgs.rossko.ru/16/98/NSII0024549723/2.jpg
NGN;V0054;https://imgs.rossko.ru/5B/E7/NSII0024549721/1.jpg
NGN;V0064;https://imgs.rossko.ru/2E/A1/NSII0024549716/1.jpg
NGN;V0066;https://imgs.rossko.ru/73/F0/NSII0024549714/1.jpg
NGN;V0067;https://imgs.rossko.ru/13/CA/NSII0024549718/1.jpg
NGN;V0068;https://imgs.rossko.ru/D1/49/NSII0024549715/1.jpg
NGN;V0069;https://imgs.rossko.ru/8B/FA/NSII0024549717/1.jpg
NGN;V0070;https://imgs.rossko.ru/B9/3F/NSII0024549732/1.jpg
NGN;V0071;https://imgs.rossko.ru/16/98/NSII0024549733/1.jpg
NGN;V0072;https://imgs.rossko.ru/73/F0/NSII0024549734/1.jpg
NGN;V0073;https://imgs.rossko.ru/D1/49/NSII0024549735/1.jpg
NGN;V0074;https://imgs.rossko.ru/2E/A1/NSII0024549736/1.jpg
NGN;V0075;https://imgs.rossko.ru/8B/FA/NSII0024549737/1.jpg
NGN;V0076;https://imgs.rossko.ru/13/CA/NSII0024549738/1.jpg
NGN;V0079;https://imgs.rossko.ru/5B/E7/NSII0024549741/1.jpg
NGN;V0080;https://imgs.rossko.ru/B9/3F/NSII0024549742/1.jpg
NGN;V0081;https://imgs.rossko.ru/16/98/NSII0024549743/1.jpg
NGN;V0082;https://imgs.rossko.ru/73/F0/NSII0024549744/1.jpg
NGN;V0083;https://imgs.rossko.ru/D1/49/NSII0024549745/1.jpg
NGN;V0084;https://imgs.rossko.ru/2E/A1/NSII0024549746/1.jpg
NGN;V0086;https://imgs.rossko.ru/13/CA/NSII0024549748/1.jpg
NGN;V0088;https://imgs.rossko.ru/FE/8E/NSII0024549750/1.jpg
NGN;V0092;https://imgs.rossko.ru/B8/94/NSII0025018315/2.jpg
NGN;V172085701;https://imgs.rossko.ru/D8/91/NSIN0019746176/3.jpg
NGN;V172085703;https://imgs.rossko.ru/63/74/NSII0013127549/3.jpg
NGN;V172485315;https://imgs.rossko.ru/BD/3B/NSII0012963887/1.jpg
NGN;V172485316;https://imgs.rossko.ru/5F/E2/NSII0012963890/1.jpg
NGN;V172485317;https://imgs.rossko.ru/D4/10/NSII0012963905/1.jpg
NGN;V172485321;https://imgs.rossko.ru/1A/93/NSII0012963896/1.jpg
NGN;V172485322;https://imgs.rossko.ru/ED/4E/NSII0012963899/1.jpg
NGN;V172485338;https://imgs.rossko.ru/46/A4/NSII0012963902/1.jpg
NGN;V172485339;https://imgs.rossko.ru/5E/AE/NSII0012963911/1.jpg
NGN;V172485619;https://imgs.rossko.ru/ED/4E/NSII0012963889/1.jpg
NGN;V172485620;https://imgs.rossko.ru/76/B7/NSII0012963904/1.jpg
NGN;V172485621;https://imgs.rossko.ru/19/5F/NSII0012963907/1.jpg
NGN;V172485625;https://imgs.rossko.ru/4A/A6/NSII0012963898/1.jpg
NGN;V172485630;https://imgs.rossko.ru/BF/97/NSII0022844608/1.jpg
NGN;V172485639;https://imgs.rossko.ru/5E/AE/NSII0012963901/1.jpg
NGN;V172485640;https://imgs.rossko.ru/15/5A/NSII0012963910/1.jpg
NGN;V172485643;https://imgs.rossko.ru/A5/31/NSII0012963892/1.jpg
NGN;V172485650;https://imgs.rossko.ru/7A/48/NSII0022844616/1.jpg
NGN;V172485813;https://imgs.rossko.ru/49/72/NSII0012963909/1.jpg
NGN;V172485815;https://imgs.rossko.ru/15/5A/NSII0012963900/1.jpg
NGN;V172485829;https://imgs.rossko.ru/A3/FD/NSII0012963903/1.jpg
NGN;V172485830;https://imgs.rossko.ru/46/A4/NSII0012963912/1.jpg
NGN;V172485839;https://imgs.rossko.ru/4A/A6/NSII0012963888/1.jpg
NGN;V172485845;https://imgs.rossko.ru/D5/44/NSII0012963894/1.jpg
NGN;V172485936;https://imgs.rossko.ru/6A/49/NSII0026681125/1.jpg
NGN;V172485938;https://imgs.rossko.ru/DF/AB/NSII0026681129/1.jpg
NGN;V172485945;https://imgs.rossko.ru/35/A4/NSII0026856457/1.jpg
NGN;V172485953;https://imgs.rossko.ru/7A/F3/NSII0026856465/1.jpg
NGN;V182575102;https://imgs.rossko.ru/84/75/NSII0024285667/3.jpg
NGN;V182575104;https://imgs.rossko.ru/29/EB/NSII0024285669/3.jpg
NGN;V182575105;https://imgs.rossko.ru/9C/7F/NSII0024285670/3.jpg
NGN;V182575106;https://imgs.rossko.ru/3F/26/NSII0024285671/1.jpg
NGN;V182575107;https://imgs.rossko.ru/57/30/NSII0024285672/3.jpg
NGN;V182575108;https://imgs.rossko.ru/F9/D8/NSII0024285673/3.jpg
NGN;V182575110;https://imgs.rossko.ru/C9/C4/NSII0024285675/3.jpg
NGN;V182575111;https://imgs.rossko.ru/E1/CE/NSII0024285676/3.jpg
NGN;V182575113;https://imgs.rossko.ru/87/43/NSII0024285678/3.jpg
NGN;V182575114;https://imgs.rossko.ru/29/EB/NSII0024285679/3.jpg
NGN;V182575116;https://imgs.rossko.ru/3F/26/NSII0024285681/3.jpg
NGN;V182575117;https://imgs.rossko.ru/57/30/NSII0024285682/3.jpg
NGN;V182575118;https://imgs.rossko.ru/F9/D8/NSII0024285683/1.jpg
NGN;V182575119;https://imgs.rossko.ru/27/1D/NSII0024285684/3.jpg
NGN;V182575120;https://imgs.rossko.ru/C9/C4/NSII0024285685/3.jpg
NGN;V182575121;https://imgs.rossko.ru/E1/CE/NSII0024285686/1.jpg
NGN;V182575123;https://imgs.rossko.ru/87/43/NSII0024285688/3.jpg
NGN;V182575125;https://imgs.rossko.ru/39/8B/NSII0024285578/3.jpg
NGN;V182575126;https://imgs.rossko.ru/96/E3/NSII0024285579/3.jpg
NGN;V182575130;https://imgs.rossko.ru/F1/6E/NSII0024285583/3.jpg
NGN;V182575131;https://imgs.rossko.ru/D9/64/NSII0024285584/3.jpg
NGN;V182575132;https://imgs.rossko.ru/36/BD/NSII0024285585/1.jpg
NGN;V182575136;https://imgs.rossko.ru/96/E3/NSII0024285589/3.jpg
NGN;V182575140;https://imgs.rossko.ru/F1/6E/NSII0024285593/3.jpg
NGN;V182575141;https://imgs.rossko.ru/D9/64/NSII0024285594/3.jpg
NGN;V182575145;https://imgs.rossko.ru/39/8B/NSII0024285598/3.jpg
NGN;V182575146;https://imgs.rossko.ru/96/E3/NSII0024285599/3.jpg
NGN;V182575150;https://imgs.rossko.ru/F9/D8/NSII0024285603/3.jpg
NGN;V182575151;https://imgs.rossko.ru/27/1D/NSII0024285604/3.jpg
NGN;V182575155;https://imgs.rossko.ru/87/43/NSII0024285608/3.jpg
NGN;V182575156;https://imgs.rossko.ru/29/EB/NSII0024285609/3.jpg
NGN;V182575160;https://imgs.rossko.ru/F9/D8/NSII0024285613/3.jpg
NGN;V182575161;https://imgs.rossko.ru/27/1D/NSII0024285614/3.jpg
NGN;V182575165;https://imgs.rossko.ru/87/43/NSII0024285618/3.jpg
NGN;V182575166;https://imgs.rossko.ru/29/EB/NSII0024285619/1.jpg
NGN;V182575170;https://imgs.rossko.ru/F9/D8/NSII0024285623/3.jpg
NGN;V182575171;https://imgs.rossko.ru/27/1D/NSII0024285624/3.jpg
NGN;V182575172;https://imgs.rossko.ru/C9/C4/NSII0024285625/1.jpg
NGN;V182575175;https://imgs.rossko.ru/87/43/NSII0024285628/3.jpg
NGN;V182575176;https://imgs.rossko.ru/29/EB/NSII0024285629/3.jpg
NGN;V182575177;https://imgs.rossko.ru/9C/7F/NSII0024285630/1.jpg
NGN;V182575180;https://imgs.rossko.ru/F9/D8/NSII0024285633/3.jpg
NGN;V182575181;https://imgs.rossko.ru/27/1D/NSII0024285634/3.jpg
NGN;V182575185;https://imgs.rossko.ru/87/43/NSII0024285638/3.jpg
NGN;V182575186;https://imgs.rossko.ru/29/EB/NSII0024285639/3.jpg
